asset_id,name,category,vicinity,latitude,longitude,website
0,Revere Community Center,Community Centers,"26 Penn St, Uniontown",39.8959299,-79.7855899,
1,East End United Community Center,Community Centers,"150 Coolspring St, Uniontown",39.897878,-79.711248,https://www.eeucc.org/
2,Penn State Fayette Community Center,Community Centers,"2201 University Dr, Uniontown",39.9458424,-79.6605064,
3,South Union Recreation Center,Community Centers,"151 Township Dr, Uniontown",39.8805178,-79.7170082,https://www.southuniontwp.com/index.php/our-area/rec-center
4,Uniontown Adult Recreation Center,Community Centers,"137 N Beeson Blvd, Uniontown",39.905677,-79.7257597,http://www.fccaa.org/
5,"Fayette County Community Action Agency, Inc. - Food Distribution Center",Community Centers,Uniontown,39.904565,-79.725452,http://www.fccaa.org/
6,North Union Township Recreation Center,Community Centers,"120 Commonwealth Dr, Lemont Furnace",39.9217245,-79.6728814,http://www.northunionreccenter.com/
7,Dress For Success Pittsburgh,Financial Assistance,"82 W South St, Uniontown",39.9004971,-79.7288102,https://pittsburgh.dressforsuccess.org/
8,The Salvation Army Thrift Store & Donation Center,Financial Assistance,"54 N Mt Vernon Ave, Uniontown",39.9020625,-79.7301159,https://satruck.org/
9,Target,Financial Assistance,"120 Matthew Dr, Uniontown",39.9078527,-79.7587381,https://www.target.com/sl/south-union-twp/2184
10,Goodwill,Financial Assistance,"1003 Mall Run Rd, Uniontown",39.909825,-79.750984,https://www.goodwillswpa.org/
11,Walmart Supercenter,Financial Assistance,"355 Walmart Dr, Uniontown",39.9141832,-79.7563911,https://www.walmart.com/store/2019-uniontown-pa?cn=Tracking_local_pack_1
12,The Home Depot,Financial Assistance,"115 Matthew Dr, Uniontown",39.9082048,-79.7525156,https://www.homedepot.com/l/Uniontown/PA/Uniontown/15401/4172
14,St Vincent De Paul Society,Financial Assistance,"70 N Mt Vernon Ave, Uniontown",39.9032036,-79.7289225,https://stvincentdepauluniontown.org/merchandise/
16,Salvation Army,Financial Assistance,"32 W Fayette St, Uniontown",39.8991442,-79.7270104,https://easternusa.salvationarmy.org/western-pennsylvania/uniontown/
18,Fayette County Community Action Agency Food Bank,Food Access,"40 Legion St, Republic",39.906063,-79.7253,http://www.fccaa.org/
19,Christian Life Ministries - Food Distribution Center,Food Access,Uniontown,39.9020996,-79.7241821,
20,Jubilee Soup Kitchen - Food Distribution Center,Food Access,"230 E Fayette St, Uniontown",39.8954999,-79.7175982,
21,"Fayette County Community Action Agency, Inc. - Food Distribution Center",Food Access,Uniontown,39.904565,-79.725452,http://www.fccaa.org/
22,Hopwood Free Methodist Church,Food Access,"116 Hopwood Coolspring Rd, Hopwood",39.8749881,-79.6986625,
27,Berean Seventh Day Adventist,Food Access,"110 Searight Ave, Uniontown",39.8971702,-79.7106391,
28,Salvation Army,Food Access,"32 W Fayette St, Uniontown",39.8991442,-79.7270104,https://easternusa.salvationarmy.org/western-pennsylvania/uniontown/
29,Calvary United Methodist Church,Food Access,"34 Clarke Ave, Uniontown",39.8996487,-79.708688,https://uniontowncalvary.org/
30,Liberty Baptist,Food Access,"183 Oliver Rd, Uniontown",39.9218553,-79.7134324,http://libertybaptistofuniontown.com/
31,Jubille Soup Kitchen,Food Access,"230 E Fayette St, Uniontown",39.8954581,-79.7176352,
32,Youghiogheny Western Baptist,Food Access,Uniontown,39.9000824,-79.716399,http://www.theywba.org/about-us/
33,St Vincent De Paul Society,Food Access,"70 N Mt Vernon Ave, Uniontown",39.9032036,-79.7289225,https://stvincentdepauluniontown.org/merchandise/
34,Fresh Fire Church,Food Access,"171 Connellsville St, Uniontown",39.9002702,-79.7106708,http://www.freshfirechurch.net/
38,Uniontown Community Storehouse,Food Access,"15 Bouquet St, Uniontown",39.9005374,-79.701543,
39,City Mission Mens Shelter,Food Access,"226 E Fayette St, Uniontown",39.8955608,-79.7177927,
44,Wendy's,Food Access,"125 Matthew Dr, Uniontown",39.9080313,-79.7552283,https://locations.wendys.com/united-states/pa/uniontown/125-matthew-drive?utm_source=Yext&utm_medium=Google_My_Business&utm_campaign=Local_Search&utm_content=EN_US
45,Sonic Drive-In,Food Access,"705 Walmart Dr, Uniontown",39.9136511,-79.7537882,https://locations.sonicdrivein.com/pa/uniontown/705-walmart-drive.html
46,Arby's,Food Access,"515 Synergy Drive, Uniontown",39.914698,-79.751639,https://locations.arbys.com/pa/uniontown/515-synergy-dr.html
47,NCH Hospitality Llc,Food Access,"705 Walmart Dr, Uniontown",39.9136467,-79.7537882,
48,Vinny's Drive Inn,Food Access,"1225 Connellsville Rd, Uniontown",39.9154044,-79.6828371,
53,Fayette County Assistance Office,Food Access,"41 W Church St, Uniontown",39.8996676,-79.7270429,http://www.dhs.pa.gov/
54,Uniontown WIC Office,Food Access,"140 N Beeson Blvd, Uniontown",39.9060631,-79.7253,https://fccaa.org/programs/women-infants-and-children/
56,SRC Industries Inc,Food Access,"164 Jr St, Hopwood",39.8787852,-79.6969435,http://www.hawthornsyrup.com/
57,The United Federal Credit Union,Food Access,"585 Morgantown Rd, Uniontown",39.8825958,-79.7349514,https://www.tufcu.org/
58,Christ United Methodist Church,Food Access,"6 W Fayette St, Uniontown",39.898749,-79.7259116,
66,City Mission Mens Shelter,Housing,"226 E Fayette St, Uniontown",39.8955608,-79.7177927,
67,"City Mission-Living Stones, Inc.",Housing,"155 N Gallatin Ave, Uniontown",39.9068065,-79.7225727,http://www.citymissionfayette.org/
68,Jubille Soup Kitchen,Housing,"230 E Fayette St, Uniontown",39.8954581,-79.7176352,
69,Savannah House Charities,Housing,"110 Delaware Ave, Uniontown",39.9013032,-79.743865,https://savannahhouse.info/about-us/
70,Shelter Regina M,Housing,"119 N Beeson Blvd, Uniontown",39.9049161,-79.7259877,
71,Salvation Army,Housing,"32 W Fayette St, Uniontown",39.8991442,-79.7270104,https://easternusa.salvationarmy.org/western-pennsylvania/uniontown/
72,Western Pennsylvania National Wild Animal Orphanage,Housing,"169 Shepard Ln, Uniontown",39.9322486,-79.687901,
73,Jubilee Soup Kitchen - Food Distribution Center,Housing,"230 E Fayette St, Uniontown",39.8954999,-79.7175982,
74,Catholic Charities,Housing,"140 N Beeson Blvd, Uniontown",39.9060382,-79.7253646,http://www.ccharitiesgreensburg.org/
83,Dress For Success Pittsburgh,Housing,"82 W South St, Uniontown",39.9004971,-79.7288102,https://pittsburgh.dressforsuccess.org/
85,Fayette County Children Services,Housing,"130 Old New Salem Rd, Uniontown",39.9110516,-79.7511766,http://fayette-county-uniontown.keeq.io/
91,Uniontown Public Library,Libraries,"24 Jefferson St, Uniontown",39.8994623,-79.722642,http://www.uniontownlib.org/
92,Little Free Library #49891,Libraries,Uniontown,39.9004424,-79.7245759,
93,Little Free Library #49896,Libraries,"70 E Main St, Uniontown",39.9012006,-79.7229062,
94,Little Free Library #49895,Libraries,"W Main St, Uniontown",39.9008623,-79.7305153,
95,Little Free Library #49894,Libraries,Uniontown,39.8651328,-79.7156557,
96,Hospital Professional Library,Libraries,"500 W Berkeley St, Uniontown",39.901797,-79.738542,
97,"Fayette Campus Library, Penn State Fayette",Libraries,"2201 University Dr, Lemont Furnace",39.9463774,-79.6595002,https://libraries.psu.edu/fayette
98,Fayette County Law Library,Libraries,"61 E Main St D, Uniontown",39.9017756,-79.7226353,https://www.fayettecountypa.org/403/Law-Library
99,South Union Township Sports Academy,Cultural,"181 Stadium Dr, Uniontown",39.864876,-79.7135154,
100,State Theatre Center For the Arts,Cultural,"37 E Main St, Uniontown",39.901564,-79.724501,http://www.statetheatre.info/
101,GoldiRock Records / Entertainment,Cultural,"39 W Main St, Uniontown",39.9010534,-79.726731,http://www.goldirockrecords.com/
102,Storey Square,Cultural,"11 E Main St, Uniontown",39.9015398,-79.7248636,
103,Uniontown Church of the Brethren,Cultural,"20 Robinson St, Uniontown",39.8970407,-79.7276073,http://www.cobuniontown.net/
104,Uniontown Larger Parish,Cultural,"1264 W Penn Blvd, Uniontown",39.9171962,-79.6938903,
105,Cherry Tree Alliance Church,Cultural,"640 Cherry Tree Ln, Uniontown",39.8994273,-79.7548769,http://www.cherrytreealliance.org/
106,Grace Brethren Church,Cultural,"1 Grace Ln, Uniontown",39.8817444,-79.7267332,https://www.uniontowngrace.org/
107,City Chapel Church,Cultural,"254 E Main St, Uniontown",39.8979036,-79.716798,
108,Central Christian Church,Cultural,"23 S Gallatin Ave, Uniontown",39.9004248,-79.7239735,http://www.cccuniontown.org/
109,Uniontown Church of God-Christ,Cultural,"55 Butler St, Uniontown",39.8969205,-79.7109354,
110,New Beginnings Covenant Church,Cultural,"171 Connellsville St, Uniontown",39.900313,-79.710691,
111,Christ United Methodist Church,Cultural,"6 W Fayette St, Uniontown",39.898749,-79.7259116,
112,Grace Community Church,Cultural,"343 Pennsylvania Ave, Uniontown",39.8933657,-79.7230646,
113,Uniontown Church of Christ,Cultural,"70 Roosevelt Dr, Uniontown",39.8888925,-79.710801,https://uniontowncofc.org/
114,Abundant Life Church,Cultural,"1239 Brownfield Rd, Uniontown",39.8675938,-79.721739,https://www.myabundantlife.org/
115,Sandy Hill Church,Cultural,Uniontown,39.9103538,-79.7731006,
116,Connellsville Street Church of Christ,Cultural,"519 Connellsville St, Uniontown",39.9036283,-79.6984791,http://www.churchofchristuniontown.org/
117,Faith Assembly of God,Cultural,"690 Morgantown Rd, Uniontown",39.8754023,-79.741317,http://www.myfaithassembly.org/
118,FirSt Methodist churh,Cultural,"337 Hopwood Coolspring Rd, Hopwood",39.8878337,-79.6858712,
119,The Church of Jesus Christ of Latter-day Saints,Cultural,"Wendy Dr & Barbara St, Uniontown",39.9204907,-79.7295364,https://www.churchofjesuschrist.org/?lang=eng
120,Bible Baptist Church,Cultural,"1 Evergreen Terrace, Uniontown",39.9000148,-79.7339802,http://www.biblebaptistuniontown.com/
121,Calvary Baptist Church,Cultural,"308 McClellandtown Rd, Uniontown",39.9018744,-79.7631181,http://cbcfamily.church/
122,Great Bethel Baptist Church,Cultural,"47 W Fayette St, Uniontown",39.898758,-79.727619,
123,New Beginning Full Gospel Church,Cultural,"93 Jefferson St, Uniontown",39.897881,-79.719545,
124,Covenant Baptist Church,Cultural,"148 Union St, Uniontown",39.8948328,-79.7303344,https://covenantbaptistpa.com/
125,Uniontown Church of the Nazarene,Cultural,"8 Jeffreys Ln, Uniontown",39.8508788,-79.7457033,
126,St Peters Lutheran Church,Cultural,"121 Walnut Hill Rd, Uniontown",39.8840926,-79.7370206,http://splcuniontown.org/
127,Calvary Apostolic Church,Cultural,"127 Rolling Hills Estate Rd, Uniontown",39.9270821,-79.7006822,http://www.calvaryapostolicchurch.org/
128,Fresh Fire Church,Cultural,"171 Connellsville St, Uniontown",39.9002702,-79.7106708,http://www.freshfirechurch.net/
129,Trinity United Presbyterian,Cultural,"79 W Fayette St, Uniontown",39.8991096,-79.7285085,https://www.trinityupc.com/
130,Community United Methodist Church,Cultural,"1264 W Penn Blvd, Uniontown",39.91726,-79.6938171,http://www.wpaumc.org/churchdetail/218251
131,Calvary United Methodist Church,Cultural,"34 Clarke Ave, Uniontown",39.8996487,-79.708688,https://uniontowncalvary.org/
132,Third Presbyterian Church,Cultural,"425 Union St, Uniontown",39.8875363,-79.7318815,http://3rdpres.com/
133,Mt Rose Baptist Church,Cultural,"9 S Grant St, Uniontown",39.8968519,-79.7165508,
134,Mt Olivet Baptist Church,Cultural,"57 Stewart Ave, Uniontown",39.8970968,-79.718103,
135,Hopwood United Methodist Church,Cultural,"122 Church St, Hopwood",39.8747591,-79.7012572,
136,Saint Peter's Anglican Church,Cultural,"60 Morgantown St, Uniontown",39.899948,-79.7281189,http://www.churchstpeters.org/
137,Liberty Baptist,Cultural,"183 Oliver Rd, Uniontown",39.9218553,-79.7134324,http://libertybaptistofuniontown.com/
138,Love Outreach Church,Cultural,"8 Ash Rd, Uniontown",39.9406901,-79.7294668,
139,John Wesley AME Zion Church,Cultural,"349 E Main St, Uniontown",39.8957835,-79.715193,
140,Bethel Baptist Church,Cultural,"998 N Gallatin Ave Ext, Uniontown",39.9285592,-79.6831421,http://www.bethelbaptistuniontown.com/
141,Trinity Fellowship Church of God,Cultural,"126 Lincoln St, Uniontown",39.9025705,-79.7189774,
142,Uniontown Free Methodist Church,Cultural,"300 Evans St, Uniontown",39.9008442,-79.7111808,http://www.utownfreemc.com/
143,St Paul’s A.M.E. Church,Cultural,"187 Morgantown St, Uniontown",39.8957299,-79.7307125,https://stpaulsame.church/
144,Interfaith Assembly For Christ,Cultural,"7 Butler St, Uniontown",39.8973909,-79.7111042,
145,Bread of Life Tabernacle,Cultural,"15 Bouquet St, Uniontown",39.9010912,-79.701807,http://www.boltc.org/
146,Saint Mary Nativity R.C. Church,Cultural,"65 N Mt Vernon Ave, Uniontown",39.9032329,-79.7295884,
147,Asbury United Methodist Church,Cultural,"20 Dunbar St, Uniontown",39.8972137,-79.7258572,http://www.asburyumcpa.org/
148,Spirit & Fire Church,Cultural,"306 Edison St, Uniontown",39.9130254,-79.6853751,
149,St John the Baptist Byzantine,Cultural,"185 E Main St, Uniontown",39.8998916,-79.7187974,http://www.stjohnbaptist-byzcath-uniontown.org/
150,St. George Maronite Church,Cultural,"6 Lebanon Terrace, Uniontown",39.9019947,-79.7191201,http://www.stgeorgeuniontown.org/
151,The Journey,Cultural,"109 W Fayette St, Uniontown",39.8998182,-79.7300647,http://www.uniontownjourney.com/
152,St. Mary,Cultural,"7 Gilmore St, Uniontown",39.9032928,-79.7296391,https://www.stmaryuniontown.org/
153,St Paul's Evangelical Lutheran,Cultural,"71 N Gallatin Ave, Uniontown",39.9037932,-79.7240109,http://stpaulslutheranuniontown.com/
154,Walnut Hill United Methodist Church,Cultural,"132 Collier Rd, Uniontown",39.871208,-79.778295,http://www.umc.org/find-a-church/church/16698
155,Little Brownfield Free Methodist Church,Cultural,"429 Redstone Furnace Rd, Uniontown",39.8767251,-79.7163508,
156,St John the Evangelist Roman Catholic Church,Cultural,"50 Jefferson St, Uniontown",39.8983957,-79.7211927,
157,Brownfield United Methodist,Cultural,"1429 Brownfield Rd, Brownfield",39.857739,-79.7127527,
158,Uniontown Berean Seventh-Day Adventist Church,Cultural,"95 Searight Ave, Uniontown",39.897091,-79.7110995,http://bereanpa.adventistchurch.org/
159,St. Joseph,Cultural,"180 Old Walnut Hill Rd, Uniontown",39.8842698,-79.7435049,http://www.stjosephuniontown.org/
160,Methodist,Cultural,"177 W Main St, Uniontown",39.9007552,-79.7319626,
161,St. Therese,Cultural,"61 Mill St, Uniontown",39.8982788,-79.7302164,http://www.stthereseuniontown.org/
162,Hopwood Free Methodist Church,Cultural,"116 Hopwood Coolspring Rd, Hopwood",39.8749881,-79.6986625,
245,Fairgrounds School,Cultural,"250 Pittsburgh Rd, Uniontown",39.9100098,-79.7265135,
327,Walmart Home Theater Installation,Cultural,"355 Walmart Dr, Uniontown",39.91435,-79.756686,http://www.walmart.com/store/2019-uniontown-pa/home-theater-installation?cn=Tracking_local_pack_1
368,Tails on the Trail (Dog Park),Recreation,"50-198 Barton Row, Uniontown",39.8910365,-79.720784,
369,Hutchinson Park,Recreation,"65 Reservoir Rd, Uniontown",39.8647284,-79.713397,
370,Eberly Park,Recreation,"Uniontown Ballfield, 100-168 Oliver Blvd, Uniontown",39.9219788,-79.722509,
371,Lick Hollow State Forest Picnic Area,Recreation,Hopwood,39.8590393,-79.6780548,https://www.dcnr.pa.gov/StateForests/FindAForest/Forbes/Pages/Picnicking.aspx
372,Areford Park,Recreation,"20-30 Eggleston St, Uniontown",39.8946973,-79.7492429,
415,Bruhs Park,Recreation,"335 Park St, Uniontown",39.9252549,-79.683578,
417,Grant Street Park,Recreation,Uniontown,39.8932004,-79.7198571,
418,Lemon Street Park,Recreation,"74 Lemon St, Uniontown",39.906663,-79.718577,
419,Mill St Play Park,Recreation,"102 Mill St, Uniontown",39.898572,-79.7306488,
420,Nemacolin Woodlands Courtyard,Recreation,"corner of, E Main St & Moran Alley, Uniontown",39.9011715,-79.7230411,
421,War memorial,Recreation,"57 E Main St, Uniontown",39.9014819,-79.7233143,
423,Storey Square,Recreation,"11 E Main St, Uniontown",39.9015398,-79.7248636,
424,Fayette County fireman's memorial,Recreation,"61 E Main St # 3G, Uniontown",39.9011908,-79.7225086,
425,Park & Ride,Recreation,"Moonlight Dr, Hopwood",39.8691814,-79.6925534,
426,Brushwood Mobile Home Park,Recreation,"52 Brushwood Rd, Uniontown",39.9057265,-79.7019438,
427,Eat'n Park,Recreation,"519 W Main St, Uniontown",39.9086779,-79.7434488,https://www.eatnpark.com/
548,Phillips Ballfield,Recreation,"104 Peach Ln, Uniontown",39.9399786,-79.7295863,
549,South Union Township Sports Academy,Recreation,"181 Stadium Dr, Uniontown",39.864876,-79.7135154,
550,Miracle League Of PA's Laurel Highlands,Recreation,"160 Oliver Rd, Uniontown",39.9216579,-79.721646,http://www.miracleleague.com/
551,Fayette County Youth Soccer Club,Recreation,"201 Township Dr Exd, Uniontown",39.878376,-79.7136118,http://www.fcysc.com/
672,Shutes Run,Recreation,North Union Township,39.9045034,-79.6847275,
673,Rankin Run,Recreation,"Rankin Run, Pennsylvania, USA",39.9543748,-79.7127019,
674,DICK'S Sporting Goods,Recreation,"320 Walmart Dr, Uniontown",39.916947,-79.7553838,https://stores.dickssportinggoods.com/pa/uniontown/1233/?seo=localpack
715,Eberly Foundation,Service Organizations,"5, S Mt Vernon Ave, Uniontown",39.9004938,-79.7315272,http://www.eberlyfoundation.org/
716,Fayette Resources Inc,Service Organizations,"1 Millennium Dr Suite 2, Uniontown",39.9293598,-79.70802,https://fayetteresources.org/
717,FAMILY FOSTER & FRIENDS,Service Organizations,"1430 Mall Run Rd, Uniontown",39.9051498,-79.7459733,http://familyfostersfrien.wixsite.com/
718,Easter Seals,Service Organizations,Uniontown,39.900076,-79.7164326,http://www.easterseals.com/
719,Uniontown Community Storehouse,Service Organizations,"15 Bouquet St, Uniontown",39.9005374,-79.701543,
720,Fayette County NAACP,Service Organizations,"137 N Beeson Blvd, Uniontown",39.9058761,-79.7256497,
721,Communities In Schools,Service Organizations,"137 N Beeson Blvd, Uniontown",39.9061549,-79.7256342,https://www.communitiesinschools.org/
722,"Laurel House, Inc.",Service Organizations,"625 Cherry Tree Ln Suite 103, Uniontown",39.9007661,-79.7545765,http://laurelhouseinc.org/
723,Interfaith Volunteer Caregivers of Fayette County,Service Organizations,"137 N Beeson Blvd # 106, Uniontown",39.9062629,-79.7256222,https://www.interfaithvolunteercaregivers.org/
724,The Arc of Fayette County,Service Organizations,"80 Old New Salem Rd, Uniontown",39.9122848,-79.7495422,http://www.arcfayette.org/
725,Fayette County Association For Blind,Service Organizations,"48 Bierer Ln, Uniontown",39.9018176,-79.7341493,
726,Faith Harvest Guatemala,Service Organizations,"505 Royalty Dr, Uniontown",39.8925602,-79.7568326,https://faithharvestguatemala.com/contact/
727,Goodwill Workforce Development Center,Service Organizations,"40 Connellsville St, Uniontown",39.8985818,-79.7157202,
728,Crime Victims Center of Fayette County,Service Organizations,"6 Oliver Rd, Uniontown",39.9267938,-79.726021,http://www.crimevictimscenter.com/contact.html
729,"City Mission-Living Stones, Inc.",Service Organizations,"155 N Gallatin Ave, Uniontown",39.9068065,-79.7225727,http://www.citymissionfayette.org/
730,Dress For Success Pittsburgh,Service Organizations,"82 W South St, Uniontown",39.9004971,-79.7288102,https://pittsburgh.dressforsuccess.org/
731,Uniontown Area YMCA,Service Organizations,"1 YMCA Ln, Uniontown",39.8959837,-79.7412786,http://www.uniontownymca.org/
732,Crime Stoppers Fayette County,Service Organizations,"65 W Main St #107, Uniontown",39.900898,-79.7274995,http://crimestoppersfayettecopa.org/
733,Uniontown Masonic Building,Service Organizations,"15 Pittsburgh Rd, Uniontown",39.9015436,-79.7268696,
734,Life's Work of Western Pa,Service Organizations,"137 N Beeson Blvd, Uniontown",39.9060618,-79.7258712,
785,Savannah House Charities,Service Organizations,"110 Delaware Ave, Uniontown",39.9013032,-79.743865,https://savannahhouse.info/about-us/
789,Big Brothers Big Sisters,Service Organizations,"65 W Main St #106, Uniontown",39.9008436,-79.7275364,http://bbbs.cand.co/
790,Uniontown Volunteer Firemen's,Service Organizations,"58 Dunbar St, Uniontown",39.896455,-79.724146,
793,Crime Stoppers-Fayette County,Service Organizations,"22 E Main St, Uniontown",39.900987,-79.7247573,
794,Genesis House Ministry,Service Organizations,"395 E Main St, Uniontown",39.894541,-79.714521,
795,Salvation Army,Service Organizations,"32 W Fayette St, Uniontown",39.8991442,-79.7270104,https://easternusa.salvationarmy.org/western-pennsylvania/uniontown/
837,Goodwill Workforce Development Center,Workforce Development,"40 Connellsville St, Uniontown",39.8985818,-79.7157202,
838,"Private Industry Council of Westmoreland/Fayette, Inc.",Workforce Development,"112 Commonwealth Dr, Lemont Furnace",39.9203701,-79.6735443,http://www.privateindustrycouncil.com/
839,National Career School,Workforce Development,"2 W Main St, Uniontown",39.9013663,-79.7257024,
840,United Career Institute - Fayette County,Workforce Development,"1015 Mt Braddock Rd, Mt Braddock",39.950533,-79.65238,https://unitedcareer.edu/
841,PA CareerLink Fayette County,Workforce Development,"112 Commonwealth Dr, Lemont Furnace",39.9203701,-79.6735443,https://www.facebook.com/PaCareerlinkFayetteCounty
842,Fayette County Career & Technical Institute,Workforce Development,"175 Georges Fairchance Rd, Uniontown",39.8610211,-79.7417688,http://www.fayettecti.org/
843,Laurel Business Institute,Workforce Development,"11 E Penn St, Uniontown",39.9024542,-79.7250534,http://www.laurel.edu/
844,Fayette County Community Action Agency,Workforce Development,"108 N Beeson Blvd, Uniontown",39.905754,-79.725418,https://fccaa.org/
866,Transitional Employment Consultants (TEC),Workforce Development,"253 S Mt Vernon Ave, Uniontown",39.8950774,-79.7388921,http://tecwg.org/
